VFG002164|WP_002395058|prgB/asc10|aggregation_substance_context	NZ_CP181229.1	95.434	3920	3918	2	3918	2706230	2702314	0.0	6259
VFG002164|WP_002395058|prgB/asc10|aggregation_substance_context	NZ_CP181229.1	89.703	3875	3918	1	3855	134643	138503	0.0	5176
VFG002164|WP_002395058|prgB/asc10|aggregation_substance_context	NZ_CP181230.1	94.857	3928	3918	1	3918	11780	15706	0.0	6170
VFG002164|WP_002395058|prgB/asc10|aggregation_substance_context	NZ_CP181231.1	95.679	2291	3918	1630	3918	12195	14483	0.0	3681
VFG002164|WP_002395058|prgB/asc10|aggregation_substance_context	NZ_CP181231.1	92.900	831	3918	1	829	10593	11421	0.0	1228
VFG002165|WP_002356954|efaA|efaA	NZ_CP181229.1	99.461	927	927	1	927	1189506	1188580	0.0	1650
VFG002165|WP_002356954|efaA|efaA	NZ_CP181229.1	68.237	828	927	81	890	2608888	2608079	5.15e-72	269
VFG002166|WP_010714416|ace|ace	NZ_CP181229.1	96.078	1581	2025	1	1581	2076471	2074892	0.0	2569
VFG002166|WP_010714416|ace|ace	NZ_CP181229.1	95.256	801	2025	1225	2025	2075389	2074589	0.0	1274
VFG002166|WP_010714416|ace|ace	NZ_CP181229.1	91.317	357	2025	1084	1440	2075248	2074892	8.75e-143	505
VFG002166|WP_010714416|ace|ace	NZ_CP181229.1	90.756	357	2025	1366	1722	2075389	2075033	4.53e-140	496
VFG002166|WP_010714416|ace|ace	NZ_CP181229.1	89.352	216	2025	1084	1299	2075107	2074892	4.25e-77	287
VFG002166|WP_010714416|ace|ace	NZ_CP181229.1	87.963	216	2025	1507	1722	2075389	2075174	2.68e-73	273
VFG002171|WP_011109430|EF0149|aggregation_substance_context	NZ_CP181229.1	99.974	3918	3918	1	3918	134643	138560	0.0	7062
VFG002171|WP_011109430|EF0149|aggregation_substance_context	NZ_CP181229.1	89.584	3869	3918	2	3855	2706230	2702383	0.0	5139
VFG002171|WP_011109430|EF0149|aggregation_substance_context	NZ_CP181230.1	89.184	3883	3918	1	3855	11780	15637	0.0	5085
VFG002171|WP_011109430|EF0149|aggregation_substance_context	NZ_CP181231.1	94.879	2226	3918	1636	3861	12195	14420	0.0	3501
VFG002171|WP_011109430|EF0149|aggregation_substance_context	NZ_CP181231.1	91.814	794	3918	1	794	10593	11386	0.0	1140
VFG002172|WP_010710127|EF0485|aggregation_substance_context	NZ_CP181229.1	100.000	3918	3918	1	3918	2706231	2702314	0.0	7066
VFG002172|WP_010710127|EF0485|aggregation_substance_context	NZ_CP181229.1	89.610	3869	3918	2	3849	134644	138497	0.0	5144
VFG002172|WP_010710127|EF0485|aggregation_substance_context	NZ_CP181230.1	95.340	3927	3918	2	3918	11781	15706	0.0	6254
VFG002172|WP_010710127|EF0485|aggregation_substance_context	NZ_CP181231.1	95.766	2291	3918	1630	3918	12195	14483	0.0	3690
VFG002172|WP_010710127|EF0485|aggregation_substance_context	NZ_CP181231.1	90.636	833	3918	2	829	10594	11421	0.0	1142
VFG002173|WP_010785625|asa1|asa1_or_validated_equivalent	NZ_CP181231.1	96.942	3891	3891	1	3891	10593	14483	0.0	6481
VFG002173|WP_010785625|asa1|asa1_or_validated_equivalent	NZ_CP181230.1	95.217	2300	3891	1603	3891	13409	15706	0.0	3651
VFG002173|WP_010785625|asa1|asa1_or_validated_equivalent	NZ_CP181230.1	91.436	794	3891	1	794	11780	12573	0.0	1126
VFG002173|WP_010785625|asa1|asa1_or_validated_equivalent	NZ_CP181229.1	94.718	2291	3891	1603	3891	2704602	2702314	0.0	3581
VFG002173|WP_010785625|asa1|asa1_or_validated_equivalent	NZ_CP181229.1	94.595	2220	3891	1603	3822	136278	138497	0.0	3463
VFG002173|WP_010785625|asa1|asa1_or_validated_equivalent	NZ_CP181229.1	90.482	830	3891	2	829	2706230	2705403	0.0	1136
VFG002173|WP_010785625|asa1|asa1_or_validated_equivalent	NZ_CP181229.1	90.932	794	3891	1	794	134643	135436	0.0	1108
VFG002174|WP_002369251|gelE|gelE	NZ_CP181229.1	98.891	1533	1533	1	1533	1397739	1399271	0.0	2689
VFG002175|AAM75248|cylR1|cytolysin_operon_context	NZ_CP181229.1	100.000	285	285	1	285	2671892	2672176	6.34e-147	515
VFG002176|AAM75252|cylB|cytolysin_operon_context	NZ_CP181229.1	99.814	2145	2145	1	2145	2668288	2666144	0.0	3851
VFG002177|AAM75253|cylA|cylA	NZ_CP181229.1	99.839	1239	1239	1	1239	2666147	2664909	0.0	2226
VFG002178|AAM75254|cylI|cytolysin_operon_context	NZ_CP181229.1	97.256	984	984	1	984	2664908	2663925	0.0	1654
VFG002179|AAD09858|esp|esp	NZ_CP181229.1	99.900	2986	5622	1	2986	2659261	2656276	0.0	5372
VFG002179|AAD09858|esp|esp	NZ_CP181229.1	99.062	2239	5622	2235	4473	2656775	2654537	0.0	3944
VFG002179|AAD09858|esp|esp	NZ_CP181229.1	98.306	2007	5622	3616	5622	2655886	2653880	0.0	3467
VFG002179|AAD09858|esp|esp	NZ_CP181229.1	96.444	1350	5622	3370	4719	2655886	2654537	0.0	2219
VFG002179|AAD09858|esp|esp	NZ_CP181229.1	95.652	1104	5622	3124	4227	2655640	2654537	0.0	1775
VFG002179|AAD09858|esp|esp	NZ_CP181229.1	95.290	1104	5622	3862	4965	2655886	2654783	0.0	1757
VFG002179|AAD09858|esp|esp	NZ_CP181229.1	94.915	885	5622	3124	4008	2655394	2654516	0.0	1395
VFG002179|AAD09858|esp|esp	NZ_CP181229.1	94.639	858	5622	4108	4965	2655886	2655029	0.0	1341
VFG002179|AAD09858|esp|esp	NZ_CP181229.1	94.444	612	5622	3124	3735	2655148	2654537	0.0	951
VFG002179|AAD09858|esp|esp	NZ_CP181229.1	93.137	612	5622	4354	4965	2655886	2655275	0.0	915
VFG002179|AAD09858|esp|esp	NZ_CP181229.1	99.200	500	5622	2235	2734	2656523	2656024	0.0	884
VFG002179|AAD09858|esp|esp	NZ_CP181229.1	99.200	500	5622	2487	2986	2657027	2656528	0.0	884
VFG002179|AAD09858|esp|esp	NZ_CP181229.1	89.059	393	5622	4600	4986	2655886	2655494	3.88e-146	517
VFG002179|AAD09858|esp|esp	NZ_CP181229.1	90.710	366	5622	3124	3489	2654902	2654537	2.01e-143	508
VFG002179|AAD09858|esp|esp	NZ_CP181229.1	98.387	248	5622	2235	2482	2656271	2656024	4.43e-120	430
VFG002179|AAD09858|esp|esp	NZ_CP181229.1	98.387	248	5622	2739	2986	2657027	2656780	4.43e-120	430
VFG002179|AAD09858|esp|esp	NZ_CP181229.1	84.021	194	5622	2989	3182	2654554	2654361	7.52e-54	211
VFG002179|AAD09858|esp|esp	NZ_CP181229.1	84.021	194	5622	4948	5141	2656021	2655828	7.52e-54	211
VFG002191|WP_002369252|sprE|sprE	NZ_CP181229.1	98.480	855	855	1	855	1399320	1400174	0.0	1484
VFG042976|WP_154081516|ebpA|ebpA	NZ_CP181229.1	99.538	3465	3465	1	3465	2090474	2087010	0.0	6177
VFG042977|WP_002379309|ebpB|ebpB	NZ_CP181229.1	99.441	1431	1431	1	1431	2087006	2085576	0.0	2545
VFG042978|WP_011109477|ebpC|ebpC	NZ_CP181229.1	99.363	1884	1878	1	1878	2085579	2083696	0.0	3345
VFG045470|AAM75247|cylR2|cytolysin_operon_context	NZ_CP181229.1	100.000	201	201	1	201	2672177	2672377	1.73e-101	363
VFG045472|AAM75249|cylL|cytolysin_operon_context	NZ_CP181229.1	100.000	207	207	1	207	2671773	2671567	9.87e-105	374
VFG045472|AAM75249|cylL|cytolysin_operon_context	NZ_CP181229.1	88.095	84	207	15	98	2671483	2671400	2.18e-24	107
VFG045473|AAM75250|cylS|cytolysin_operon_context	NZ_CP181229.1	100.000	192	192	1	192	2671533	2671342	1.26e-96	347
VFG045473|AAM75250|cylS|cytolysin_operon_context	NZ_CP181229.1	88.095	84	192	51	134	2671759	2671676	2.01e-24	107
VFG045474|AAM75251|cylM|cytolysin_operon_context	NZ_CP181229.1	99.698	2982	2982	1	2982	2671281	2668300	0.0	5338
